{
  "R2": 0.603582186259297,
  "MAE": 0.5350468057167582,
  "MSE": 0.5285878660620243,
  "median_absolute_error": 0.42022603840334527,
  "loss": 0.5285878660620243
}